-- Тестовые данные для системы учёта картриджей МФУ
-- Выполните этот скрипт в вашей базе данных для добавления тестовых данных

-- Добавление тестовых объектов
INSERT INTO locations (id, name, address, contact_person, contact_phone, description, active) VALUES
('550e8400-e29b-41d4-a716-446655440101', 'Главный офис', 'ул. Ленина, 1, Москва', 'Иван Петров', '+7-999-123-45-67', 'Главный офис компании', true),
('550e8400-e29b-41d4-a716-446655440102', 'Склад', 'ул. Промышленная, 15, Москва', 'Мария Сидорова', '+7-999-987-65-43', 'Основной склад картриджей', true),
('550e8400-e29b-41d4-a716-446655440103', 'Филиал №1', 'ул. Гагарина, 25, Санкт-Петербург', 'Алексей Козлов', '+7-999-555-12-34', 'Филиал в Санкт-Петербурге', true),
('550e8400-e29b-41d4-a716-446655440104', 'Филиал №2', 'ул. Пушкина, 10, Екатеринбург', 'Елена Волкова', '+7-999-777-88-99', 'Филиал в Екатеринбурге', true),
('550e8400-e29b-41d4-a716-446655440105', 'Сервисный центр', 'ул. Техническая, 5, Москва', 'Дмитрий Сергеев', '+7-999-111-22-33', 'Сервисный центр для заправки', true);

-- Добавление тестовых картриджей
INSERT INTO cartridges (id, model, serial_number, resource_pages, description, status, current_location_id, created_at, updated_at) VALUES
('550e8400-e29b-41d4-a716-446655440201', 'HP 26A', 'HP26A001', 2000, 'Черный картридж HP LaserJet', 'IN_STOCK', '550e8400-e29b-41d4-a716-446655440102', CURRENT_TIMESTAMP, CURRENT_TIMESTAMP),
('550e8400-e29b-41d4-a716-446655440202', 'HP 26A', 'HP26A002', 2000, 'Черный картридж HP LaserJet', 'IN_USE', '550e8400-e29b-41d4-a716-446655440101', CURRENT_TIMESTAMP, CURRENT_TIMESTAMP),
('550e8400-e29b-41d4-a716-446655440203', 'Canon 045', 'CAN045001', 1500, 'Черный картридж Canon', 'IN_STOCK', '550e8400-e29b-41d4-a716-446655440102', CURRENT_TIMESTAMP, CURRENT_TIMESTAMP),
('550e8400-e29b-41d4-a716-446655440204', 'Canon 045', 'CAN045002', 1500, 'Черный картридж Canon', 'REFILLING', '550e8400-e29b-41d4-a716-446655440105', CURRENT_TIMESTAMP, CURRENT_TIMESTAMP),
('550e8400-e29b-41d4-a716-446655440205', 'Samsung MLT-D101S', 'SAM101001', 3000, 'Черный картридж Samsung', 'IN_STOCK', '550e8400-e29b-41d4-a716-446655440102', CURRENT_TIMESTAMP, CURRENT_TIMESTAMP),
('550e8400-e29b-41d4-a716-446655440206', 'Samsung MLT-D101S', 'SAM101002', 3000, 'Черный картридж Samsung', 'IN_USE', '550e8400-e29b-41d4-a716-446655440103', CURRENT_TIMESTAMP, CURRENT_TIMESTAMP),
('550e8400-e29b-41d4-a716-446655440207', 'Brother TN-660', 'BRO660001', 2500, 'Черный картридж Brother', 'DISPOSED', '550e8400-e29b-41d4-a716-446655440102', CURRENT_TIMESTAMP, CURRENT_TIMESTAMP),
('550e8400-e29b-41d4-a716-446655440208', 'Brother TN-660', 'BRO660002', 2500, 'Черный картридж Brother', 'IN_STOCK', '550e8400-e29b-41d4-a716-446655440102', CURRENT_TIMESTAMP, CURRENT_TIMESTAMP),
('550e8400-e29b-41d4-a716-446655440209', 'Xerox 106R01259', 'XER106001', 1800, 'Черный картридж Xerox', 'IN_USE', '550e8400-e29b-41d4-a716-446655440104', CURRENT_TIMESTAMP, CURRENT_TIMESTAMP),
('550e8400-e29b-41d4-a716-446655440210', 'Xerox 106R01259', 'XER106002', 1800, 'Черный картридж Xerox', 'IN_STOCK', '550e8400-e29b-41d4-a716-446655440102', CURRENT_TIMESTAMP, CURRENT_TIMESTAMP);

-- Добавление тестовых операций
INSERT INTO operations (id, type, count, cartridge_id, location_id, performed_by, operation_date, notes) VALUES
('550e8400-e29b-41d4-a716-446655440301', 'RECEIPT', 5, '550e8400-e29b-41d4-a716-446655440201', '550e8400-e29b-41d4-a716-446655440102', '550e8400-e29b-41d4-a716-446655440001', '2024-01-15 10:00:00', 'Поступление новой партии картриджей'),
('550e8400-e29b-41d4-a716-446655440302', 'ISSUE', 1, '550e8400-e29b-41d4-a716-446655440202', '550e8400-e29b-41d4-a716-446655440101', '550e8400-e29b-41d4-a716-446655440002', '2024-01-16 14:30:00', 'Выдача картриджа в главный офис'),
('550e8400-e29b-41d4-a716-446655440303', 'RECEIPT', 3, '550e8400-e29b-41d4-a716-446655440203', '550e8400-e29b-41d4-a716-446655440102', '550e8400-e29b-41d4-a716-446655440001', '2024-01-17 09:15:00', 'Поступление картриджей Canon'),
('550e8400-e29b-41d4-a716-446655440304', 'REFILL', 1, '550e8400-e29b-41d4-a716-446655440204', '550e8400-e29b-41d4-a716-446655440105', '550e8400-e29b-41d4-a716-446655440002', '2024-01-18 16:45:00', 'Отправка на заправку'),
('550e8400-e29b-41d4-a716-446655440305', 'ISSUE', 1, '550e8400-e29b-41d4-a716-446655440206', '550e8400-e29b-41d4-a716-446655440103', '550e8400-e29b-41d4-a716-446655440002', '2024-01-19 11:20:00', 'Выдача в филиал №1'),
('550e8400-e29b-41d4-a716-446655440306', 'DISPOSAL', 1, '550e8400-e29b-41d4-a716-446655440207', '550e8400-e29b-41d4-a716-446655440102', '550e8400-e29b-41d4-a716-446655440001', '2024-01-20 13:10:00', 'Списание изношенного картриджа'),
('550e8400-e29b-41d4-a716-446655440307', 'ISSUE', 1, '550e8400-e29b-41d4-a716-446655440209', '550e8400-e29b-41d4-a716-446655440104', '550e8400-e29b-41d4-a716-446655440002', '2024-01-21 15:30:00', 'Выдача в филиал №2'),
('550e8400-e29b-41d4-a716-446655440308', 'RETURN', 1, '550e8400-e29b-41d4-a716-446655440202', '550e8400-e29b-41d4-a716-446655440102', '550e8400-e29b-41d4-a716-446655440003', '2024-01-22 10:45:00', 'Возврат пустого картриджа'),
('550e8400-e29b-41d4-a716-446655440309', 'RECEIPT', 2, '550e8400-e29b-41d4-a716-446655440205', '550e8400-e29b-41d4-a716-446655440102', '550e8400-e29b-41d4-a716-446655440001', '2024-01-23 12:00:00', 'Поступление Samsung картриджей'),
('550e8400-e29b-41d4-a716-446655440310', 'ISSUE', 1, '550e8400-e29b-41d4-a716-446655440210', '550e8400-e29b-41d4-a716-446655440101', '550e8400-e29b-41d4-a716-446655440002', '2024-01-24 14:15:00', 'Выдача Xerox картриджа');

-- Проверка данных
SELECT 'Locations count:' as info, COUNT(*) as count FROM locations
UNION ALL
SELECT 'Cartridges count:', COUNT(*) FROM cartridges
UNION ALL
SELECT 'Operations count:', COUNT(*) FROM operations
UNION ALL
SELECT 'Users count:', COUNT(*) FROM users; 